{"cameraMode":{"drawMode":0,"name":"Shaded","section":"Shading Mode"},"sceneLighting":false,"audioPlay":false,"sceneViewState":{"showFog":true,"showMaterialUpdate":false,"showSkybox":true,"showFlares":true,"showImageEffects":true,"showParticleSystems":true},"in2DMode":false,"pivot":{"x":-0.15715093910694123,"y":0.5446376800537109,"z":0.6098670959472656},"rotation":{"x":-0.00013233177014626563,"y":0.998770534992218,"z":-0.049789175391197208,"w":-0.0026967248413711788},"size":1.670053482055664,"orthographic":false}