{"cameraMode":{"drawMode":0,"name":"Shaded","section":"Shading Mode"},"sceneLighting":false,"audioPlay":false,"sceneViewState":{"showFog":true,"showMaterialUpdate":false,"showSkybox":true,"showFlares":true,"showImageEffects":true,"showParticleSystems":true},"in2DMode":false,"pivot":{"x":-3.5900826454162599,"y":1.1450001001358033,"z":0.5900828838348389},"rotation":{"x":0.43572452664375307,"y":0.29903820157051089,"z":-0.15614743530750276,"w":0.83448725938797},"size":14.348332405090332,"orthographic":false}