{"cameraMode":{"drawMode":0,"name":"Shaded","section":"Shading Mode"},"sceneLighting":false,"audioPlay":false,"sceneViewState":{"showFog":true,"showMaterialUpdate":false,"showSkybox":true,"showFlares":true,"showImageEffects":true,"showParticleSystems":true},"in2DMode":false,"pivot":{"x":-0.15000009536743165,"y":1.8299999237060547,"z":18.600000381469728},"rotation":{"x":0.43572452664375307,"y":0.29903820157051089,"z":-0.15614743530750276,"w":0.83448725938797},"size":25.658004760742189,"orthographic":false}