{"cameraMode":{"drawMode":0,"name":"Shaded","section":"Shading Mode"},"sceneLighting":false,"audioPlay":false,"sceneViewState":{"showFog":true,"showMaterialUpdate":false,"showSkybox":true,"showFlares":true,"showImageEffects":true,"showParticleSystems":true},"in2DMode":false,"pivot":{"x":-5.334887981414795,"y":2.2447314262390138,"z":0.8385345935821533},"rotation":{"x":0.15354286134243012,"y":-0.02757328376173973,"z":0.0042662653140723709,"w":0.9877704381942749},"size":6.335399627685547,"orthographic":false}