{"cameraMode":{"drawMode":0,"name":"Shaded","section":"Shading Mode"},"sceneLighting":false,"audioPlay":false,"sceneViewState":{"showFog":true,"showMaterialUpdate":false,"showSkybox":true,"showFlares":true,"showImageEffects":true,"showParticleSystems":true},"in2DMode":false,"pivot":{"x":4.763446807861328,"y":-1.333935260772705,"z":3.727936267852783},"rotation":{"x":0.10510005056858063,"y":0.1299854964017868,"z":-0.013865969143807888,"w":0.9858474135398865},"size":14.355674743652344,"orthographic":false}