{"cameraMode":{"drawMode":0,"name":"Shaded","section":"Shading Mode"},"sceneLighting":false,"audioPlay":false,"sceneViewState":{"showFog":true,"showMaterialUpdate":false,"showSkybox":true,"showFlares":true,"showImageEffects":true,"showParticleSystems":true},"in2DMode":false,"pivot":{"x":0.3399996757507324,"y":0.45500004291534426,"z":21.590084075927736},"rotation":{"x":0.10843454301357269,"y":-0.10062900185585022,"z":0.011030064895749092,"w":0.9889512062072754},"size":115.52932739257813,"orthographic":false}