{"cameraMode":{"drawMode":0,"name":"Shaded","section":"Shading Mode"},"sceneLighting":false,"audioPlay":false,"sceneViewState":{"showFog":true,"showMaterialUpdate":false,"showSkybox":true,"showFlares":true,"showImageEffects":true,"showParticleSystems":true},"in2DMode":false,"pivot":{"x":-0.15000009536743165,"y":1.8299999237060547,"z":18.600000381469728},"rotation":{"x":0.10843454301357269,"y":-0.10062900185585022,"z":0.011030064895749092,"w":0.9889512062072754},"size":25.658004760742189,"orthographic":false}