{"cameraMode":{"drawMode":0,"name":"Shaded","section":"Shading Mode"},"sceneLighting":false,"audioPlay":false,"sceneViewState":{"showFog":true,"showMaterialUpdate":false,"showSkybox":true,"showFlares":true,"showImageEffects":true,"showParticleSystems":true},"in2DMode":false,"pivot":{"x":0.0,"y":0.9902628064155579,"z":21.95550537109375},"rotation":{"x":0.10843454301357269,"y":-0.10062900185585022,"z":0.011030064895749092,"w":0.9889512062072754},"size":18.260047912597658,"orthographic":false}