{"cameraMode":{"drawMode":0,"name":"Shaded","section":"Shading Mode"},"sceneLighting":false,"audioPlay":false,"sceneViewState":{"showFog":true,"showMaterialUpdate":false,"showSkybox":true,"showFlares":true,"showImageEffects":true,"showParticleSystems":true},"in2DMode":false,"pivot":{"x":-1.0,"y":0.550000011920929,"z":0.6000000238418579},"rotation":{"x":-0.25397804379463198,"y":-0.012480942532420159,"z":0.0032758007291704418,"w":-0.9671376943588257},"size":1.1431536674499512,"orthographic":false}