{"cameraMode":{"drawMode":0,"name":"Shaded","section":"Shading Mode"},"sceneLighting":false,"audioPlay":false,"sceneViewState":{"showFog":true,"showMaterialUpdate":false,"showSkybox":true,"showFlares":true,"showImageEffects":true,"showParticleSystems":true},"in2DMode":false,"pivot":{"x":-0.40000003576278689,"y":0.375,"z":0.20000000298023225},"rotation":{"x":0.20591360330581666,"y":0.4922420084476471,"z":-0.12109287083148956,"w":0.83705735206604},"size":3.5244016647338869,"orthographic":false}