{"cameraMode":{"drawMode":0,"name":"Shaded","section":"Shading Mode"},"sceneLighting":false,"audioPlay":false,"sceneViewState":{"showFog":true,"showMaterialUpdate":false,"showSkybox":true,"showFlares":true,"showImageEffects":true,"showParticleSystems":true},"in2DMode":false,"pivot":{"x":-4.76837158203125e-7,"y":-0.05265730619430542,"z":0.671545147895813},"rotation":{"x":0.13219815492630006,"y":0.09559297561645508,"z":-0.012810196727514267,"w":0.9865358471870422},"size":9.81393051147461,"orthographic":false}