{"cameraMode":{"drawMode":0,"name":"Shaded","section":"Shading Mode"},"sceneLighting":false,"audioPlay":false,"sceneViewState":{"showFog":true,"showMaterialUpdate":false,"showSkybox":true,"showFlares":true,"showImageEffects":true,"showParticleSystems":true},"in2DMode":false,"pivot":{"x":-1.3228095769882203,"y":0.0,"z":1.3228095769882203},"rotation":{"x":-0.04977940768003464,"y":0.33123451471328738,"z":0.01750456914305687,"w":0.9420880675315857},"size":2.8578836917877199,"orthographic":false}