{"cameraMode":{"drawMode":0,"name":"Shaded","section":"Shading Mode"},"sceneLighting":false,"audioPlay":false,"sceneViewState":{"showFog":true,"showMaterialUpdate":false,"showSkybox":true,"showFlares":true,"showImageEffects":true,"showParticleSystems":true},"in2DMode":false,"pivot":{"x":-1.3228095769882203,"y":0.0,"z":1.3228095769882203},"rotation":{"x":0.13219815492630006,"y":0.09559297561645508,"z":-0.012810196727514267,"w":0.9865358471870422},"size":2.8578836917877199,"orthographic":false}