{"cameraMode":{"drawMode":0,"name":"Shaded","section":"Shading Mode"},"sceneLighting":false,"audioPlay":false,"sceneViewState":{"showFog":true,"showMaterialUpdate":false,"showSkybox":true,"showFlares":true,"showImageEffects":true,"showParticleSystems":true},"in2DMode":false,"pivot":{"x":0.45550328493118288,"y":1.4780385494232178,"z":-4.619423866271973},"rotation":{"x":0.13219815492630006,"y":0.09559297561645508,"z":-0.012810196727514267,"w":0.9865358471870422},"size":16.75040054321289,"orthographic":false}