{"cameraMode":{"drawMode":0,"name":"Shaded","section":"Shading Mode"},"sceneLighting":false,"audioPlay":false,"sceneViewState":{"showFog":true,"showMaterialUpdate":false,"showSkybox":true,"showFlares":true,"showImageEffects":true,"showParticleSystems":true},"in2DMode":false,"pivot":{"x":-1.3228095769882203,"y":0.0,"z":1.3228095769882203},"rotation":{"x":0.43572452664375307,"y":0.29903820157051089,"z":-0.15614743530750276,"w":0.83448725938797},"size":1.4289418458938599,"orthographic":false}